<?xml version="1.0" encoding="UTF-8" ?>
<!DOCTYPE mapper
	PUBLIC "-//mybatis.org//DTD Mapper 3.0//EN"
	"http://mybatis.org/dtd/mybatis-3-mapper.dtd">
<mapper namespace="mapper.admin.goods">

	<!-- resultMap 정의 -->
	<resultMap id="goodsResult" type="goodsVO">
		<result property="goods_id" column="goods_id" />
		<result property="goods_title" column="goods_title" />
		<result property="goods_writer" column="goods_writer" />
		<result property="goods_price" column="goods_price" />
		<result property="goods_publisher" column="goods_publisher" />
		<result property="goods_status" column="goods_status" />
		<result property="goods_sales_price" column="goods_sales_price" />
		<result property="goods_published_date" column="goods_published_date" />
		<result property="goods_total_page" column="goods_total_page" />
		<result property="goods_isbn" column="goods_isbn" />
		<result property="goods_delivery_price" column="goods_delivery_price" />
		<result property="goods_delivery_date" column="goods_delivery_date" />
		<result property="goods_fileName" column="fileName" />
		<result property="goods_sort" column="goods_sort" />
		<result property="goods_writer_intro" column="goods_writer_intro" />
		<result property="goods_intro" column="goods_intro" />
		<result property="goods_contents_order" column="goods_contents_order" javaType="java.lang.String" jdbcType="VARCHAR"  />
	</resultMap>
	
	<resultMap id="imageResult" type="ImageFileVO">
	   <result property="goods_id" column="goods_id" />
	   <result property="fileName" column="fileName" />
	   <result property="reg_id" column="reg_id" />
	   <result property="image_id" column="image_id" />
	   <result property="fileType" column="fileType" />
	</resultMap>

	<resultMap id="orderGoodsResult" type="OrderVO">
		<result property="order_id" column="order_id" />
		<result property="member_id" column="member_id" />
		<result property="goods_id" column="goods_id" />
		<result property="goods_title" column="goods_title" />
		<result property="goods_sales_price" column="goods_sales_price" />
		<result property="order_total_price" column="order_total_price" />
		<result property="order_goods_qty" column="order_goods_qty" />
		<result property="orderer_name" column="orderer_name" />
		<result property="receiver_name" column="receiver_name" />
		<result property="receiver_hp1" column="receiver_hp1" />
		<result property="receiver_hp2" column="receiver_hp2" />
		<result property="receiver_hp3" column="receiver_hp3" />
		<result property="receiver_tel1" column="receiver_tel1" />
		<result property="receiver_tel2" column="receiver_tel2" />
		<result property="receiver_tel3" column="receiver_tel3" />
		<result property="delivery_address" column="delivery_address" />
		<result property="delivery_message" column="delivery_message" />
		<result property="delivery_method" column="delivery_method" />
		<result property="gift_wrapping" column="gift_wrapping" />
		<result property="pay_method" column="pay_method" />
		<result property="card_com_name" column="card_com_name" />
		<result property="card_pay_month" column="card_pay_month" />
		<result property="pay_orderer_hp_num" column="pay_orderer_hp_num" />
		<result property="pay_order_time" column="pay_order_time" />
		<result property="delivery_state" column="delivery_state" />
		<result property="final_total_price" column="final_total_price" />
		<result property="goods_qty" column="goods_qty" />
		<result property="goods_fileName" column="goods_fileName" />
	</resultMap>
	
	<!-- INSERT: AUTO_INCREMENT, 시퀀스 제거 -->
	<insert id="insertNewGoods" parameterType="java.util.Map">
		<![CDATA[
			insert into t_shopping_goods (
				goods_id,
				goods_sort,
                goods_title,
                goods_writer,
                goods_publisher,
				goods_price,
				goods_sales_price,
				goods_point,
				goods_published_date,
				goods_total_page,
				goods_isbn,
				goods_delivery_price,
				goods_delivery_date,
				goods_status,
				goods_writer_intro,
				goods_intro,
				goods_publisher_comment,
				goods_recommendation,
				goods_contents_order
			) values (
				#{goods_id},
				#{goods_sort},
			    #{goods_title},
			    #{goods_writer},
			    #{goods_publisher},
			    #{goods_price},
			    #{goods_sales_price},
			    #{goods_point},
			    #{goods_published_date},
			    #{goods_total_page},
			    #{goods_isbn},
			    #{goods_delivery_price},
			    #{goods_delivery_date},
			    #{goods_status},
			    #{goods_writer_intro},
				#{goods_intro},
			    #{goods_publisher_comment},
			    #{goods_recommendation},
			    #{goods_contents_order}
			)
		]]>
	</insert>
	
	<insert id="insertGoodsImageFile" parameterType="imageFileVO">
		<![CDATA[
			insert into t_goods_detail_image (
				goods_id,
				fileName,
				fileType,
				reg_id
			) values (
				#{goods_id},
				#{fileName},
				#{fileType},
				#{reg_id}
			)
		]]>
	</insert>
	
	<!-- SELECT: 페이징 쿼리 MySQL용 (LIMIT/OFFSET 으로 변경) -->
	<select id="selectNewGoodsList" resultMap="goodsResult" parameterType="java.util.Map">
		<![CDATA[
			SELECT
				goods_id,
				goods_title,
				goods_writer,
				goods_publisher,
				goods_sales_price,
				DATE_FORMAT(goods_creDate, '%Y-%m-%d') AS goods_creDate,
				DATE_FORMAT(goods_published_date, '%Y-%m-%d') AS goods_published_date
			FROM t_shopping_goods
			WHERE DATE_FORMAT(goods_creDate, '%Y-%m-%d') BETWEEN #{beginDate} AND #{endDate}
			ORDER BY goods_creDate DESC
			LIMIT #{offset}, #{limit}
		]]>
	</select>
	<!-- 페이징 계산: offset = ((section-1)*100 + (pageNum-1)*10), limit = 10 등으로 java에서 넘겨줌 -->
	
	<select id="selectOrderGoodsList" resultMap="orderGoodsResult" parameterType="java.util.Map">
		<![CDATA[
			SELECT *
			FROM t_shopping_order
			WHERE DATE_FORMAT(pay_order_time, '%Y-%m-%d') BETWEEN #{beginDate} AND #{endDate}
			<if test="search_type == 'orderer_id'">
				AND orderer_id = #{search_word}
			</if>
			<if test="search_type == 'orderer_name'">
				AND orderer_name = #{search_word}
			</if>
			<if test="search_type == 'orderer_hp_num'">
				AND pay_orderer_hp_num = #{search_word}
			</if>
			ORDER BY pay_order_time DESC
			LIMIT #{offset}, #{limit}
		]]>
	</select>
	
	<select id="selectGoodsDetail" resultMap="goodsResult" parameterType="String">
	    <![CDATA[
            select
            	g.*, DATE_FORMAT(g.goods_published_date, '%Y-%m-%d') as goods_published_date, d.fileName
            from t_shopping_goods g
            join t_goods_detail_image d on g.goods_id = d.goods_id
            where d.fileType = 'main_image'
            and g.goods_id = #{goods_id}
            order by g.goods_id
    	]]>
	</select>
	
	<select id="selectGoodsImageFileList" resultMap="imageResult" parameterType="String">
	    <![CDATA[
			select * from t_goods_detail_image
			where goods_id = #{goods_id}
			order by image_id asc
    	]]>
	</select>
	
	<!-- UPDATE/DELETE 쿼리: 단순 변경, 시퀀스 관련 없음. 그대로 사용 -->
	<update id="updateGoodsInfo" parameterType="java.util.HashMap">
		update t_shopping_goods
		<set>
			<if test=" goods_id!='' and goods_id!=null">goods_id=#{goods_id},</if>
			<if test=" goods_sort!='' and goods_sort!=null">goods_sort=#{goods_sort},</if>
			<if test=" goods_title!='' and goods_title!=null">goods_title=#{goods_title},</if>
			<if test=" goods_writer!='' and goods_writer!=null">goods_writer=#{goods_writer},</if>
			<if test=" goods_publisher!='' and goods_publisher!=null">goods_publisher=#{goods_publisher},</if>
			<if test=" goods_price!='' and goods_price!=null">goods_price=#{goods_price},</if>
			<if test=" goods_published_date!='' and goods_published_date!=null">goods_published_date=#{goods_published_date},</if>
			<if test=" goods_sales_price!='' and goods_sales_price!=null">goods_sales_price=#{goods_sales_price},</if>
			<if test=" goods_point!='' and goods_point!=null">goods_point=#{goods_point},</if>
			<if test=" goods_page_total!='' and goods_page_total!=null">goods_page_total=#{goods_page_total},</if>
			<if test=" goods_isbn!='' and goods_isbn!=null">goods_isbn=#{goods_isbn},</if>
			<if test=" goods_delivery_price!='' and goods_delivery_price!=null">goods_delivery_price=#{goods_delivery_price},</if>
			<if test=" goods_delivery_date!='' and goods_delivery_date!=null">goods_delivery_date=#{goods_delivery_date},</if>
			<if test=" goods_status!='' and goods_status!=null">goods_status=#{goods_status},</if>
			<if test=" goods_writer_intro!='' and goods_writer_intro!=null">goods_writer_intro=#{goods_writer_intro},</if>
			<if test=" goods_intro!='' and goods_intro!=null">goods_intro=#{goods_intro},</if>
			<if test=" publisher_comment!='' and publisher_comment!=null">publisher_comment=#{publisher_comment},</if>
			<if test=" recommendation!='' and recommendation!=null">recommendation=#{recommendation},</if>
			<if test=" goods_contents_order!='' and goods_contents_order!=null">goods_contents_order=#{goods_contents_order}</if>
		</set>
		where goods_id=#{goods_id}
	</update>
	
	<update id="updateGoodsImage" parameterType="imageFileVO">
		update t_goods_detail_image
		set fileName=#{fileName}
		where goods_id=#{goods_id} and image_id=#{image_id}
	</update>
	
	<delete id="deleteGoodsImage" parameterType="String">
		delete from t_goods_detail_image
		where image_id=#{image_id}
	</delete>
	
	<update id="updateOrderGoods" parameterType="java.util.HashMap">
		update t_shopping_order
		<set>
			<if test=" delivery_state!='' and delivery_state!=null">delivery_state=#{delivery_state},</if>
			<if test=" delivery_address!='' and delivery_address!=null">delivery_address=#{delivery_address},</if>
		</set>
		where order_id=#{order_id}
	</update>
</mapper>
